arm,,k,cv,test,spec,C
QW product kernel,0,2,0.9666666666666666,0.9333333333333333,"('walk', 0.2, 8)",100
QW product kernel,1,3,0.9,0.9666666666666667,"('walk', 0.4, 8)",3
QW product kernel,2,4,0.9,0.8666666666666667,"('walk', 0.4, 8)",30
QW product kernel,3,5,0.8541666666666667,0.8166666666666667,"('walk', 0.2, 8)",10
QW product kernel,4,6,0.8625,0.8166666666666667,"('walk', 0.4, 8)",100
QW product kernel,5,7,0.8125,0.85,"('walk', 0.4, 8)",300
QW product kernel,6,8,0.8416666666666668,0.8666666666666667,"('walk', 0.8, 8)",10
QW product kernel,7,9,0.7875,0.8,"('walk', 0.8, 8)",3
QW product kernel,8,10,0.8166666666666667,0.7333333333333333,"('walk', 0.8, 8)",10
QW product kernel,9,11,0.7958333333333332,0.85,"('walk', 0.4, 8)",100
QW product kernel,10,12,0.7541666666666667,0.7333333333333333,"('walk', 0.2, 8)",100
QW product kernel,11,13,0.7583333333333333,0.7,"('walk', 0.4, 8)",3
QW product kernel,12,14,0.7708333333333333,0.7666666666666667,"('walk', 0.2, 8)",300
QW product kernel,13,15,0.7375,0.7333333333333333,"('walk', 0.2, 8)",10
QW product kernel,14,16,0.8416666666666666,0.8,"('walk', 0.2, 8)",3
QW product kernel,15,17,0.7333333333333333,0.7666666666666667,"('walk', 0.2, 8)",300
QW product kernel,16,18,0.7666666666666667,0.6833333333333333,"('walk', 0.8, 8)",1
QW product kernel,17,19,0.7291666666666667,0.7166666666666667,"('walk', 0.2, 8)",300
QW product kernel,18,20,0.725,0.7,"('walk', 0.8, 8)",1
"RBF, same grid (control)",0,2,0.9458333333333334,0.9333333333333333,"('rbf', 0.03)",300
"RBF, same grid (control)",1,3,0.9041666666666668,0.9666666666666667,"('rbf', 0.3)",3
"RBF, same grid (control)",2,4,0.9083333333333334,0.8833333333333333,"('rbf', 0.3)",30
"RBF, same grid (control)",3,5,0.85,0.8333333333333334,"('rbf', 0.1)",30
"RBF, same grid (control)",4,6,0.8666666666666668,0.8166666666666667,"('rbf', 0.3)",100
"RBF, same grid (control)",5,7,0.8208333333333332,0.85,"('rbf', 0.3)",100
"RBF, same grid (control)",6,8,0.8458333333333334,0.85,"('rbf', 1)",10
"RBF, same grid (control)",7,9,0.7958333333333333,0.8,"('rbf', 1)",10
"RBF, same grid (control)",8,10,0.8166666666666668,0.7833333333333333,"('rbf', 1)",3
"RBF, same grid (control)",9,11,0.7916666666666666,0.8333333333333334,"('rbf', 0.3)",100
"RBF, same grid (control)",10,12,0.7666666666666666,0.7,"('rbf', 1)",1
"RBF, same grid (control)",11,13,0.7583333333333333,0.7,"('rbf', 0.3)",3
"RBF, same grid (control)",12,14,0.7749999999999999,0.7666666666666667,"('rbf', 0.1)",100
"RBF, same grid (control)",13,15,0.7291666666666666,0.6833333333333333,"('rbf', 1)",1
"RBF, same grid (control)",14,16,0.8375,0.7666666666666667,"('rbf', 0.03)",300
"RBF, same grid (control)",15,17,0.7458333333333333,0.7666666666666667,"('rbf', 0.1)",100
"RBF, same grid (control)",16,18,0.7625,0.6833333333333333,"('rbf', 1)",3
"RBF, same grid (control)",17,19,0.7291666666666667,0.7166666666666667,"('rbf', 0.1)",100
"RBF, same grid (control)",18,20,0.725,0.6333333333333333,"('rbf', 0.1)",300
