k,model,acc
2,DataReuploadingClassifier,0.9466666666666667
3,SVC,0.9833333333333332
4,IQPKernelClassifier,0.8833333333333332
5,ProjectedQuantumKernel,0.8866666666666667
6,DressedQuantumCircuitClassifier,0.8533333333333333
7,ProjectedQuantumKernel,0.8466666666666667
8,QuantumBoltzmannMachineSeparable,0.8400000000000001
9,DataReuploadingClassifier,0.82
10,QuantumBoltzmannMachineSeparable,0.78
11,IQPKernelClassifier,0.8333333333333334
12,CircuitCentricClassifier,0.7833333333333334
13,DataReuploadingClassifier,0.76
14,MLPClassifier,0.7566666666666666
15,IQPKernelClassifier,0.7666666666666667
16,MLPClassifier,0.7933333333333333
17,IQPKernelClassifier,0.8333333333333334
18,MLPClassifier,0.7899999999999999
19,DressedQuantumCircuitClassifier,0.7133333333333333
20,MLPClassifier,0.7366666666666667
